,temperature,year
0, 0.88°C,Mar-21
1, 0.88°C,Mar-21
2, 0.88°C,Mar-21
3, 0.88°C,Mar-21
4, 0.88°C,Mar-21
5, 0.88°C,Mar-21
6, 0.88°C,Mar-21
7, 0.88°C,Mar-21
8, 0.88°C,Mar-21
9, 0.9°C,Jul-20
10, 0.93°C,Sep-19
11, 0.83°C,Nov-18
12, 0.82°C,Jan-18
13, 1.17°C,Mar-17
14, 0.96°C,May-16
15, 0.81°C,Jun-15
16, 0.82°C,Aug-14
17, 0.7°C,Oct-13
18, 0.53°C,Dec-12
19, 0.49°C,Feb-12
20, 0.65°C,Apr-11
21, 0.69°C,Jun-10
22, 0.68°C,Aug-09
23, 0.66°C,Oct-08
24, 0.5°C,Dec-07
25, 0.71°C,Feb-07
26, 0.49°C,Apr-06
27, 0.65°C,Jun-05
28, 0.48°C,Aug-04
29, 0.74°C,Oct-03
30, 0.43°C,Dec-02
31, 0.8°C,Feb-02
32, 0.51°C,Apr-01
33, 0.36°C,May-00
34, 0.39°C,Jul-99
35, 0.42°C,Sep-98
36, 0.64°C,Nov-97
37, 0.3°C,Jan-97
38, 0.33°C,Mar-96
39, 0.28°C,May-95
40, 0.3°C,Jul-94
41, 0.12°C,Sep-93
42, 0.03°C,Nov-92
43, 0.47°C,Jan-92
44, 0.35°C,Mar-91
45, 0.46°C,May-90
46, 0.34°C,Jul-89
47, 0.36°C,Sep-88
48, 0.29°C,Nov-87
49, 0.33°C,Jan-87
50, 0.3°C,Mar-86
51, 0.12°C,Apr-85
52, 0.02°C,Jun-84
53, 0.35°C,Aug-83
54, 0.13°C,Oct-82
55, 0.41°C,Dec-81
56, 0.42°C,Feb-81
57, 0.31°C,Apr-80
58, 0.14°C,Jun-79
59, -0.13°C,Aug-78
60, 0.03°C,Oct-77
61, 0.11°C,Dec-76
62, -0.06°C,Feb-76
63, 0.04°C,Apr-75
64, -0.05°C,Jun-74
65, 0.05°C,Aug-73
66, 0.08°C,Oct-72
67, -0.08°C,Dec-71
68, -0.03°C,Jan-71
69, 0.06°C,Mar-70
70, 0.18°C,May-69
71, -0.12°C,Jul-68
72, -0.05°C,Sep-67
73, -0.01°C,Nov-66
74, -0.19°C,Jan-66
75, -0.13°C,Mar-65
76, -0.25°C,May-64
77, 0.07°C,Jul-63
78, 0.02°C,Sep-62
79, 0.03°C,Nov-61
80, 0.07°C,Jan-61
81, -0.34°C,Mar-60
82, 0.05°C,May-59
83, 0.06°C,Jul-58
84, 0.07°C,Sep-57
85, -0.15°C,Nov-56
86, -0.13°C,Jan-56
87, -0.16°C,Feb-55
88, -0.14°C,Apr-54
89, 0.11°C,Jun-53
90, 0.05°C,Aug-52
91, 0.07°C,Oct-51
92, -0.22°C,Dec-50
93, -0.27°C,Feb-50
94, -0.11°C,Apr-49
95, -0.05°C,Jun-48
96, -0.07°C,Aug-47
97, -0.08°C,Oct-46
98, -0.07°C,Dec-45
99, 0°C,Feb-45
100, 0.19°C,Apr-44
101, -0.06°C,Jun-43
102, -0.04°C,Aug-42
103, 0.34°C,Oct-41
104, 0.31°C,Dec-40
105, -0.01°C,Jan-40
106, -0.18°C,Mar-39
107, -0.1°C,May-38
108, -0.04°C,Jul-37
109, -0.1°C,Sep-36
110, -0.27°C,Nov-35
111, -0.34°C,Jan-35
112, -0.3°C,Mar-34
113, -0.3°C,May-33
114, -0.25°C,Jul-32
115, -0.07°C,Sep-31
116, 0.17°C,Nov-30
117, -0.3°C,Jan-30
118, -0.34°C,Mar-29
119, -0.3°C,May-28
120, -0.2°C,Jul-27
121, -0.16°C,Sep-26
122, 0.04°C,Nov-25
123, -0.43°C,Dec-24
124, -0.24°C,Feb-24
125, -0.42°C,Apr-23
126, -0.31°C,Jun-22
127, -0.26°C,Aug-21
128, -0.28°C,Oct-20
129, -0.43°C,Dec-19
130, -0.25°C,Feb-19
131, -0.45°C,Apr-18
132, -0.44°C,Jun-17
133, -0.28°C,Aug-16
134, -0.25°C,Oct-15
135, -0.05°C,Dec-14
136, -0.1°C,Feb-14
137, -0.4°C,Apr-13
138, -0.24°C,Jun-12
139, -0.44°C,Aug-11
140, -0.42°C,Oct-10
141, -0.32°C,Nov-09
142, -0.73°C,Jan-09
143, -0.56°C,Mar-08
144, -0.47°C,May-07
145, -0.24°C,Jul-06
146, -0.2°C,Sep-05
147, -0.18°C,Nov-04
148, -0.64°C,Jan-04
149, -0.23°C,Mar-03
150, -0.32°C,May-02
151, -0.15°C,Jul-01
152, -0.05°C,Sep-00
153, 0.12°C,November 1899
154, -0.16°C,January 1899
155, -0.5°C,March 1898
156, -0.02°C,May 1897
157, -0.02°C,July 1896
158, -0.12°C,September 1895
159, -0.22°C,October 1894
160, -0.32°C,December 1893
161, -0.56°C,February 1893
162, -0.33°C,April 1892
163, -0.2°C,June 1891
164, -0.39°C,August 1890
165, -0.26°C,October 1889
166, -0.04°C,December 1888
167, -0.35°C,February 1888
168, -0.34°C,April 1887
169, -0.34°C,June 1886
170, -0.3°C,August 1885
171, -0.25°C,October 1884
172, -0.11°C,December 1883
173, -0.36°C,February 1883
174, -0.16°C,April 1882
175, -0.18°C,June 1881
176, -0.1°C,August 1880
177, -0.18°C,January 1880
178, -0.25°C,"January 2, 1879"
179, -0.18°C,"January 2, 1878"
180, -0.18°C,"January 2, 1877"
181, -0.16°C,"January 2, 1876"
182, -0.16°C,"January 2, 1876"
183, -0.12°C,"January 2, 1875"
184, -0.14°C,"January 2, 1874"
185, -0.15°C,"January 2, 1873"
186, -0.07°C,"January 2, 1872"
187, -0.05°C,"January 2, 1871"
188, -0.06°C,"January 2, 1870"
189, -0.06°C,"January 2, 1870"
190, -0.01°C,"January 2, 1869"
191, -0.01°C,"January 2, 1868"
192, -0.12°C,"January 2, 1867"
193, -0.26°C,"January 2, 1866"
194, -0.34°C,"January 2, 1865"
195, -0.34°C,"January 2, 1865"
196, -0.31°C,"January 2, 1864"
197, -0.26°C,"January 2, 1863"
198, -0.18°C,"January 2, 1862"
199, -0.11°C,"January 2, 1861"
200, -0.11°C,"January 2, 1860"
201, -0.11°C,"January 2, 1860"
202, -0.2°C,"January 2, 1859"
203, -0.33°C,"January 2, 1858"
204, -0.48°C,"January 2, 1857"
205, -0.44°C,"January 2, 1856"
206, -0.16°C,"January 2, 1855"
207, -0.16°C,"January 2, 1855"
208, -0.06°C,"January 2, 1854"
209, -0.16°C,"January 2, 1853"
210, -0.25°C,"January 2, 1852"
211, -0.31°C,"January 2, 1851"
212, -0.31°C,"January 2, 1850"
213, -0.31°C,"January 2, 1850"
214, -0.25°C,"January 2, 1849"
215, -0.27°C,"January 2, 1848"
216, -0.32°C,"January 2, 1847"
217, -0.39°C,"January 2, 1846"
218, -0.5°C,"January 2, 1845"
219, -0.5°C,"January 2, 1845"
220, -0.53°C,"January 2, 1844"
221, -0.5°C,"January 2, 1843"
222, -0.52°C,"January 2, 1842"
223, -0.46°C,"January 2, 1841"
224, -0.35°C,"January 2, 1840"
225, -0.32°C,"January 2, 1839"
226, -0.32°C,"January 2, 1839"
227, -0.4°C,"January 2, 1838"
228, -0.57°C,"January 2, 1837"
229, -0.68°C,"January 2, 1836"
230, -0.63°C,"January 2, 1835"
231, -0.48°C,"January 2, 1834"
232, -0.48°C,"January 2, 1834"
233, -0.38°C,"January 2, 1833"
234, -0.37°C,"January 2, 1832"
235, -0.32°C,"January 2, 1831"
236, -0.28°C,"January 2, 1830"
237, -0.27°C,"January 2, 1829"
238, -0.27°C,"January 2, 1829"
239, -0.2°C,"January 2, 1828"
240, -0.19°C,"January 2, 1827"
241, -0.3°C,"January 2, 1826"
242, -0.47°C,"January 2, 1825"
243, -0.6°C,"January 2, 1824"
244, -0.6°C,"January 2, 1824"
245, -0.6°C,"January 2, 1823"
246, -0.5°C,"January 2, 1822"
247, -0.43°C,"January 2, 1821"
248, -0.49°C,"January 2, 1820"
249, -0.53°C,"January 2, 1819"
250, -0.53°C,"January 2, 1819"
251, -0.47°C,"January 2, 1818"
252, -0.47°C,"January 2, 1817"
253, -0.57°C,"January 2, 1816"
254, -0.64°C,"January 2, 1815"
255, -0.76°C,"January 2, 1814"
256, -0.76°C,"January 2, 1814"
257, -0.88°C,"January 2, 1813"
258, -0.74°C,"January 2, 1812"
259, -0.44°C,"January 2, 1811"
260, -0.26°C,"January 2, 1810"
261, -0.23°C,"January 2, 1809"
262, -0.28°C,"January 2, 1808"
263, -0.28°C,"January 2, 1808"
264, -0.32°C,"January 2, 1807"
265, -0.32°C,"January 2, 1806"
266, -0.3°C,"January 2, 1805"
267, -0.25°C,"January 2, 1804"
268, -0.17°C,"January 2, 1803"
269, -0.17°C,"January 2, 1803"
270, -0.21°C,"January 2, 1802"
271, -0.32°C,"January 2, 1801"
272, -0.28°C,"January 2, 1800"
273, -0.26°C,"January 2, 1799"
274, -0.28°C,"January 2, 1798"
275, -0.28°C,"January 2, 1798"
276, -0.26°C,"January 2, 1797"
277, -0.36°C,"January 2, 1796"
278, -0.5°C,"January 2, 1795"
279, -0.4°C,"January 2, 1794"
280, -0.27°C,"January 2, 1793"
281, -0.27°C,"January 2, 1793"
282, -0.22°C,"January 2, 1792"
283, -0.24°C,"January 2, 1791"
284, -0.3°C,"January 2, 1790"
285, -0.36°C,"January 2, 1789"
286, -0.39°C,"January 2, 1788"
287, -0.39°C,"January 2, 1788"
288, -0.39°C,"January 2, 1787"
289, -0.37°C,"January 2, 1786"
290, -0.33°C,"January 2, 1785"
291, -0.39°C,"January 2, 1784"
292, -0.6°C,"January 2, 1783"
293, -0.71°C,"January 2, 1782"
294, -0.71°C,"January 2, 1782"
295, -0.54°C,"January 2, 1781"
296, -0.31°C,"January 2, 1780"
297, -0.2°C,"January 2, 1779"
298, -0.27°C,"January 2, 1778"
299, -0.36°C,"January 2, 1777"
300, -0.36°C,"January 2, 1777"
301, -0.28°C,"January 2, 1776"
302, -0.22°C,"January 2, 1775"
303, -0.27°C,"January 2, 1774"
304, -0.31°C,"January 2, 1773"
305, -0.32°C,"January 2, 1772"
306, -0.32°C,"January 2, 1772"
307, -0.31°C,"January 2, 1771"
308, -0.31°C,"January 2, 1770"
309, -0.3°C,"January 2, 1769"
310, -0.23°C,"January 2, 1768"
311, -0.16°C,"January 2, 1767"
312, -0.16°C,"January 2, 1767"
313, -0.18°C,"January 2, 1766"
314, -0.24°C,"January 2, 1765"
315, -0.31°C,"January 2, 1764"
316, -0.32°C,"January 2, 1763"
317, -0.2°C,"January 2, 1762"
318, -0.2°C,"January 2, 1762"
319, -0.1°C,"January 2, 1761"
320, -0.16°C,"January 2, 1760"
321, -0.27°C,"January 2, 1759"
322, -0.29°C,"January 2, 1758"
323, -0.31°C,"January 2, 1757"
324, -0.31°C,"January 2, 1757"
325, -0.32°C,"January 2, 1756"
326, -0.36°C,"January 2, 1755"
327, -0.53°C,"January 2, 1754"
328, -0.69°C,"January 2, 1753"
329, -0.6°C,"January 2, 1752"
330, -0.39°C,"January 2, 1751"
331, -0.39°C,"January 2, 1751"
332, -0.3°C,"January 2, 1750"
333, -0.32°C,"January 2, 1749"
334, -0.25°C,"January 2, 1748"
335, -0.12°C,"January 2, 1747"
336, -0.19°C,"January 2, 1746"
337, -0.19°C,"January 2, 1746"
338, -0.37°C,"January 2, 1745"
339, -0.42°C,"January 2, 1744"
340, -0.44°C,"January 2, 1743"
341, -0.49°C,"January 2, 1742"
342, -0.51°C,"January 2, 1741"
343, -0.51°C,"January 2, 1741"
344, -0.6°C,"January 2, 1740"
345, -0.68°C,"January 2, 1739"
346, -0.66°C,"January 2, 1738"
347, -0.6°C,"January 2, 1737"
348, -0.64°C,"January 2, 1736"
349, -0.64°C,"January 2, 1736"
350, -0.74°C,"January 2, 1735"
351, -0.67°C,"January 2, 1734"
352, -0.58°C,"January 2, 1733"
353, -0.53°C,"January 2, 1732"
354, -0.51°C,"January 2, 1731"
355, -0.51°C,"January 2, 1731"
356, -0.57°C,"January 2, 1730"
357, -0.54°C,"January 2, 1729"
358, -0.29°C,"January 2, 1728"
359, -0.09°C,"January 2, 1727"
360, -0.1°C,"January 2, 1726"
361, -0.1°C,"January 2, 1726"
362, -0.23°C,"January 2, 1725"
363, -0.39°C,"January 2, 1724"
364, -0.53°C,"January 2, 1723"
365, -0.49°C,"January 2, 1722"
366, -0.29°C,"January 2, 1721"
367, -0.22°C,"January 2, 1720"
368, -0.22°C,"January 2, 1720"
369, -0.34°C,"January 2, 1719"
370, -0.46°C,"January 2, 1718"
371, -0.53°C,"January 2, 1717"
372, -0.55°C,"January 2, 1716"
373, -0.52°C,"January 2, 1715"
374, -0.52°C,"January 2, 1715"
375, -0.49°C,"January 2, 1714"
376, -0.47°C,"January 2, 1713"
377, -0.46°C,"January 2, 1712"
378, -0.46°C,"January 2, 1711"
379, -0.49°C,"January 2, 1710"
380, -0.49°C,"January 2, 1710"
381, -0.62°C,"January 2, 1709"
382, -0.78°C,"January 2, 1708"
383, -0.72°C,"January 2, 1707"
384, -0.47°C,"January 2, 1706"
385, -0.4°C,"January 2, 1705"
386, -0.4°C,"January 2, 1705"
387, -0.53°C,"January 2, 1704"
388, -0.58°C,"January 2, 1703"
389, -0.5°C,"January 2, 1702"
390, -0.48°C,"January 2, 1701"
391, -0.57°C,"January 2, 1700"
392, -0.57°C,"January 2, 1700"
393, -0.7°C,"January 2, 1699"
394, -0.73°C,"January 2, 1698"
395, -0.69°C,"January 2, 1697"
396, -0.61°C,"January 2, 1696"
397, -0.52°C,"January 2, 1695"
398, -0.52°C,"January 2, 1695"
399, -0.5°C,"January 2, 1694"
400, -0.52°C,"January 2, 1693"
401, -0.54°C,"January 2, 1692"
402, -0.63°C,"January 2, 1691"
403, -0.74°C,"January 2, 1690"
404, -0.66°C,"January 2, 1689"
405, -0.66°C,"January 2, 1689"
406, -0.53°C,"January 2, 1688"
407, -0.59°C,"January 2, 1687"
408, -0.74°C,"January 2, 1686"
409, -0.76°C,"January 2, 1685"
410, -0.63°C,"January 2, 1684"
411, -0.63°C,"January 2, 1684"
412, -0.44°C,"January 2, 1683"
413, -0.44°C,"January 2, 1682"
414, -0.58°C,"January 2, 1681"
415, -0.59°C,"January 2, 1680"
416, -0.55°C,"January 2, 1679"
417, -0.55°C,"January 2, 1679"
418, -0.56°C,"January 2, 1678"
419, -0.6°C,"January 2, 1677"
420, -0.64°C,"January 2, 1676"
421, -0.61°C,"January 2, 1675"
422, -0.51°C,"January 2, 1674"
423, -0.51°C,"January 2, 1674"
424, -0.41°C,"January 2, 1673"
425, -0.34°C,"January 2, 1672"
426, -0.39°C,"January 2, 1671"
427, -0.58°C,"January 2, 1670"
428, -0.75°C,"January 2, 1669"
429, -0.75°C,"January 2, 1669"
430, -0.72°C,"January 2, 1668"
431, -0.51°C,"January 2, 1667"
432, -0.43°C,"January 2, 1666"
433, -0.5°C,"January 2, 1665"
434, -0.5°C,"January 2, 1664"
435, -0.5°C,"January 2, 1664"
436, -0.48°C,"January 2, 1663"
437, -0.44°C,"January 2, 1662"
438, -0.39°C,"January 2, 1661"
439, -0.41°C,"January 2, 1660"
440, -0.45°C,"January 2, 1659"
441, -0.45°C,"January 2, 1658"
442, -0.45°C,"January 2, 1658"
443, -0.47°C,"January 2, 1657"
444, -0.6°C,"January 2, 1656"
445, -0.71°C,"January 2, 1655"
446, -0.69°C,"January 2, 1654"
447, -0.62°C,"January 2, 1653"
448, -0.62°C,"January 2, 1653"
449, -0.52°C,"January 2, 1652"
450, -0.36°C,"January 2, 1651"
451, -0.28°C,"January 2, 1650"
452, -0.29°C,"January 2, 1649"
453, -0.4°C,"January 2, 1648"
454, -0.4°C,"January 2, 1648"
455, -0.58°C,"January 2, 1647"
456, -0.64°C,"January 2, 1646"
457, -0.62°C,"January 2, 1645"
458, -0.64°C,"January 2, 1644"
459, -0.74°C,"January 2, 1643"
460, -0.74°C,"January 2, 1643"
461, -0.8°C,"January 2, 1642"
462, -0.61°C,"January 2, 1641"
463, -0.34°C,"January 2, 1640"
464, -0.33°C,"January 2, 1639"
465, -0.45°C,"January 2, 1638"
466, -0.45°C,"January 2, 1638"
467, -0.45°C,"January 2, 1637"
468, -0.37°C,"January 2, 1636"
469, -0.36°C,"January 2, 1635"
470, -0.42°C,"January 2, 1634"
471, -0.58°C,"January 2, 1633"
472, -0.58°C,"January 2, 1633"
473, -0.77°C,"January 2, 1632"
474, -0.75°C,"January 2, 1631"
475, -0.57°C,"January 2, 1630"
476, -0.44°C,"January 2, 1629"
477, -0.43°C,"January 2, 1628"
478, -0.51°C,"January 2, 1627"
479, -0.51°C,"January 2, 1627"
480, -0.53°C,"January 2, 1626"
481, -0.44°C,"January 2, 1625"
482, -0.48°C,"January 2, 1624"
483, -0.53°C,"January 2, 1623"
484, -0.51°C,"January 2, 1622"
485, -0.51°C,"January 2, 1622"
486, -0.42°C,"January 2, 1621"
487, -0.37°C,"January 2, 1620"
488, -0.42°C,"January 2, 1619"
489, -0.42°C,"January 2, 1618"
490, -0.32°C,"January 2, 1617"
491, -0.32°C,"January 2, 1617"
492, -0.28°C,"January 2, 1616"
493, -0.38°C,"January 2, 1615"
494, -0.54°C,"January 2, 1614"
495, -0.61°C,"January 2, 1613"
496, -0.56°C,"January 2, 1612"
497, -0.56°C,"January 2, 1612"
498, -0.47°C,"January 2, 1611"
499, -0.45°C,"January 2, 1610"
500, -0.53°C,"January 2, 1609"
501, -0.65°C,"January 2, 1608"
502, -0.66°C,"January 2, 1607"
503, -0.66°C,"January 2, 1607"
504, -0.58°C,"January 2, 1606"
505, -0.53°C,"January 2, 1605"
506, -0.54°C,"January 2, 1604"
507, -0.54°C,"January 2, 1603"
508, -0.55°C,"January 2, 1602"
509, -0.68°C,"January 2, 1601"
510, -0.68°C,"January 2, 1601"
511, -0.77°C,"January 2, 1600"
512, -0.61°C,"January 2, 1599"
513, -0.48°C,"January 2, 1598"
514, -0.51°C,"January 2, 1597"
515, -0.55°C,"January 2, 1596"
516, -0.55°C,"January 2, 1596"
517, -0.52°C,"January 2, 1595"
518, -0.53°C,"January 2, 1594"
519, -0.7°C,"January 2, 1593"
520, -0.82°C,"January 2, 1592"
521, -0.84°C,"January 2, 1591"
522, -0.84°C,"January 2, 1591"
523, -0.86°C,"January 2, 1590"
524, -0.73°C,"January 2, 1589"
525, -0.58°C,"January 2, 1588"
526, -0.57°C,"January 2, 1587"
527, -0.68°C,"January 2, 1586"
528, -0.68°C,"January 2, 1586"
529, -0.74°C,"January 2, 1585"
530, -0.65°C,"January 2, 1584"
531, -0.53°C,"January 2, 1583"
532, -0.52°C,"January 2, 1582"
533, -0.76°C,"January 2, 1581"
534, -0.76°C,"January 2, 1581"
535, -1.13°C,"January 2, 1580"
536, -1.16°C,"January 2, 1579"
537, -0.89°C,"January 2, 1578"
538, -0.74°C,"January 2, 1577"
539, -0.73°C,"January 2, 1576"
540, -0.73°C,"January 2, 1576"
541, -0.66°C,"January 2, 1575"
542, -0.56°C,"January 2, 1574"
543, -0.56°C,"January 2, 1573"
544, -0.64°C,"January 2, 1572"
545, -0.7°C,"January 2, 1571"
546, -0.58°C,"January 2, 1570"
547, -0.58°C,"January 2, 1570"
548, -0.42°C,"January 2, 1569"
549, -0.33°C,"January 2, 1568"
550, -0.35°C,"January 2, 1567"
551, -0.41°C,"January 2, 1566"
552, -0.35°C,"January 2, 1565"
553, -0.35°C,"January 2, 1565"
554, -0.27°C,"January 2, 1564"
555, -0.28°C,"January 2, 1563"
556, -0.29°C,"January 2, 1562"
557, -0.34°C,"January 2, 1561"
558, -0.44°C,"January 2, 1560"
559, -0.44°C,"January 2, 1560"
560, -0.55°C,"January 2, 1559"
561, -0.54°C,"January 2, 1558"
562, -0.41°C,"January 2, 1557"
563, -0.36°C,"January 2, 1556"
564, -0.41°C,"January 2, 1555"
565, -0.41°C,"January 2, 1555"
566, -0.36°C,"January 2, 1554"
567, -0.29°C,"January 2, 1553"
568, -0.35°C,"January 2, 1552"
569, -0.39°C,"January 2, 1551"
570, -0.38°C,"January 2, 1550"
571, -0.38°C,"January 2, 1550"
572, -0.47°C,"January 2, 1549"
573, -0.65°C,"January 2, 1548"
574, -0.76°C,"January 2, 1547"
575, -0.82°C,"January 2, 1546"
576, -0.88°C,"January 2, 1545"
577, -0.88°C,"January 2, 1545"
578, -0.87°C,"January 2, 1544"
579, -0.88°C,"January 2, 1543"
580, -0.98°C,"January 2, 1542"
581, -0.84°C,"January 2, 1541"
582, -0.47°C,"January 2, 1540"
583, -0.31°C,"January 2, 1539"
584, -0.31°C,"January 2, 1539"
585, -0.36°C,"January 2, 1538"
586, -0.36°C,"January 2, 1537"
587, -0.33°C,"January 2, 1536"
588, -0.4°C,"January 2, 1535"
589, -0.57°C,"January 2, 1534"
590, -0.57°C,"January 2, 1534"
591, -0.69°C,"January 2, 1533"
592, -0.7°C,"January 2, 1532"
593, -0.73°C,"January 2, 1531"
594, -0.79°C,"January 2, 1530"
595, -0.84°C,"January 2, 1529"
596, -0.84°C,"January 2, 1529"
597, -0.76°C,"January 2, 1528"
598, -0.57°C,"January 2, 1527"
599, -0.49°C,"January 2, 1526"
600, -0.54°C,"January 2, 1525"
601, -0.69°C,"January 2, 1524"
602, -0.69°C,"January 2, 1524"
603, -0.87°C,"January 2, 1523"
604, -0.84°C,"January 2, 1522"
605, -0.58°C,"January 2, 1521"
606, -0.32°C,"January 2, 1520"
607, -0.27°C,"January 2, 1519"
608, -0.27°C,"January 2, 1519"
609, -0.34°C,"January 2, 1518"
610, -0.37°C,"January 2, 1517"
611, -0.41°C,"January 2, 1516"
612, -0.47°C,"January 2, 1515"
613, -0.49°C,"January 2, 1514"
614, -0.49°C,"January 2, 1514"
615, -0.5°C,"January 2, 1513"
616, -0.45°C,"January 2, 1512"
617, -0.32°C,"January 2, 1511"
618, -0.24°C,"January 2, 1510"
619, -0.28°C,"January 2, 1509"
620, -0.38°C,"January 2, 1508"
621, -0.38°C,"January 2, 1508"
622, -0.44°C,"January 2, 1507"
623, -0.48°C,"January 2, 1506"
624, -0.48°C,"January 2, 1505"
625, -0.43°C,"January 2, 1504"
626, -0.36°C,"January 2, 1503"
627, -0.36°C,"January 2, 1503"
628, -0.35°C,"January 2, 1502"
629, -0.49°C,"January 2, 1501"
630, -0.59°C,"January 2, 1500"
631, -0.5°C,"January 2, 1499"
632, -0.53°C,"January 2, 1498"
633, -0.53°C,"January 2, 1498"
634, -0.68°C,"January 2, 1497"
635, -0.62°C,"January 2, 1496"
636, -0.37°C,"January 2, 1495"
637, -0.24°C,"January 2, 1494"
638, -0.38°C,"January 2, 1493"
639, -0.38°C,"January 2, 1493"
640, -0.48°C,"January 2, 1492"
641, -0.21°C,"January 2, 1491"
642, 0.07°C,"January 2, 1490"
643, 0.08°C,"January 2, 1489"
644, -0.02°C,"January 2, 1488"
645, -0.02°C,"January 2, 1488"
646, -0.02°C,"January 2, 1487"
647, -0.01°C,"January 2, 1486"
648, -0.01°C,"January 2, 1485"
649, -0.1°C,"January 2, 1484"
650, -0.35°C,"January 2, 1483"
651, -0.35°C,"January 2, 1483"
652, -0.47°C,"January 2, 1482"
653, -0.42°C,"January 2, 1481"
654, -0.47°C,"January 2, 1480"
655, -0.5°C,"January 2, 1479"
656, -0.37°C,"January 2, 1478"
657, -0.31°C,"January 2, 1477"
658, -0.31°C,"January 2, 1477"
659, -0.46°C,"January 2, 1476"
660, -0.6°C,"January 2, 1475"
661, -0.55°C,"January 2, 1474"
662, -0.42°C,"January 2, 1473"
663, -0.33°C,"January 2, 1472"
664, -0.33°C,"January 2, 1472"
665, -0.24°C,"January 2, 1471"
666, -0.22°C,"January 2, 1470"
667, -0.38°C,"January 2, 1469"
668, -0.51°C,"January 2, 1468"
669, -0.46°C,"January 2, 1467"
670, -0.46°C,"January 2, 1467"
671, -0.48°C,"January 2, 1466"
672, -0.61°C,"January 2, 1465"
673, -0.61°C,"January 2, 1464"
674, -0.49°C,"January 2, 1463"
675, -0.51°C,"January 2, 1462"
676, -0.51°C,"January 2, 1462"
677, -0.56°C,"January 2, 1461"
678, -0.47°C,"January 2, 1460"
679, -0.38°C,"January 2, 1459"
680, -0.49°C,"January 2, 1458"
681, -0.71°C,"January 2, 1457"
682, -0.71°C,"January 2, 1457"
683, -0.74°C,"January 2, 1456"
684, -0.58°C,"January 2, 1455"
685, -0.47°C,"January 2, 1454"
686, -0.49°C,"January 2, 1453"
687, -0.52°C,"January 2, 1452"
688, -0.52°C,"January 2, 1452"
689, -0.56°C,"January 2, 1451"
690, -0.63°C,"January 2, 1450"
691, -0.61°C,"January 2, 1449"
692, -0.54°C,"January 2, 1448"
693, -0.45°C,"January 2, 1447"
694, -0.36°C,"January 2, 1446"
695, -0.36°C,"January 2, 1446"
696, -0.25°C,"January 2, 1445"
697, -0.11°C,"January 2, 1444"
698, -0.11°C,"January 2, 1443"
699, -0.24°C,"January 2, 1442"
700, -0.23°C,"January 2, 1441"
701, -0.23°C,"January 2, 1441"
702, -0.16°C,"January 2, 1440"
703, -0.22°C,"January 2, 1439"
704, -0.29°C,"January 2, 1438"
705, -0.21°C,"January 2, 1437"
706, -0.12°C,"January 2, 1436"
707, -0.12°C,"January 2, 1436"
708, -0.21°C,"January 2, 1435"
709, -0.33°C,"January 2, 1434"
710, -0.28°C,"January 2, 1433"
711, -0.22°C,"January 2, 1432"
712, -0.2°C,"January 2, 1431"
713, -0.2°C,"January 2, 1431"
714, -0.13°C,"January 2, 1430"
715, -0.02°C,"January 2, 1429"
716, 0.07°C,"January 2, 1428"
717, 0°C,"January 2, 1427"
718, -0.12°C,"January 2, 1426"
719, -0.12°C,"January 2, 1426"
720, -0.05°C,"January 2, 1425"
721, 0.1°C,"January 2, 1424"
722, 0.1°C,"January 2, 1423"
723, -0.05°C,"January 2, 1422"
724, -0.12°C,"January 2, 1421"
725, -0.12°C,"January 2, 1421"
726, -0.08°C,"January 2, 1420"
727, -0.01°C,"January 2, 1419"
728, 0.08°C,"January 2, 1418"
729, 0.08°C,"January 2, 1417"
730, -0.07°C,"January 2, 1416"
731, -0.23°C,"January 2, 1415"
732, -0.23°C,"January 2, 1415"
733, -0.3°C,"January 2, 1414"
734, -0.24°C,"January 2, 1413"
735, -0.11°C,"January 2, 1412"
736, -0.09°C,"January 2, 1411"
737, -0.1°C,"January 2, 1410"
738, -0.1°C,"January 2, 1410"
739, -0.1°C,"January 2, 1409"
740, -0.15°C,"January 2, 1408"
741, -0.12°C,"January 2, 1407"
742, 0.02°C,"January 2, 1406"
743, -0.01°C,"January 2, 1405"
744, -0.01°C,"January 2, 1405"
745, -0.16°C,"January 2, 1404"
746, -0.25°C,"January 2, 1403"
747, -0.29°C,"January 2, 1402"
748, -0.36°C,"January 2, 1401"
749, -0.39°C,"January 2, 1400"
750, -0.39°C,"January 2, 1400"
751, -0.37°C,"January 2, 1399"
752, -0.34°C,"January 2, 1398"
753, -0.35°C,"January 2, 1397"
754, -0.32°C,"January 2, 1396"
755, -0.18°C,"January 2, 1395"
756, -0.18°C,"January 2, 1395"
757, -0.1°C,"January 2, 1394"
758, -0.15°C,"January 2, 1393"
759, -0.19°C,"January 2, 1392"
760, -0.23°C,"January 2, 1391"
761, -0.27°C,"January 2, 1390"
762, -0.19°C,"January 2, 1389"
763, -0.19°C,"January 2, 1389"
764, -0.13°C,"January 2, 1388"
765, -0.12°C,"January 2, 1387"
766, -0.05°C,"January 2, 1386"
767, -0.01°C,"January 2, 1385"
768, -0.09°C,"January 2, 1384"
769, -0.09°C,"January 2, 1384"
770, -0.22°C,"January 2, 1383"
771, -0.31°C,"January 2, 1382"
772, -0.32°C,"January 2, 1381"
773, -0.38°C,"January 2, 1380"
774, -0.44°C,"January 2, 1379"
775, -0.44°C,"January 2, 1379"
776, -0.44°C,"January 2, 1378"
777, -0.43°C,"January 2, 1377"
778, -0.32°C,"January 2, 1376"
779, -0.18°C,"January 2, 1375"
780, -0.13°C,"January 2, 1374"
781, -0.13°C,"January 2, 1374"
782, -0.23°C,"January 2, 1373"
783, -0.37°C,"January 2, 1372"
784, -0.35°C,"January 2, 1371"
785, -0.24°C,"January 2, 1370"
786, -0.16°C,"January 2, 1369"
787, -0.16°C,"January 2, 1369"
788, -0.05°C,"January 2, 1368"
789, -0.04°C,"January 2, 1367"
790, -0.18°C,"January 2, 1366"
791, -0.3°C,"January 2, 1365"
792, -0.26°C,"January 2, 1364"
793, -0.26°C,"January 2, 1364"
794, -0.23°C,"January 2, 1363"
795, -0.31°C,"January 2, 1362"
796, -0.3°C,"January 2, 1361"
797, -0.18°C,"January 2, 1360"
798, -0.1°C,"January 2, 1359"
799, -0.04°C,"January 2, 1358"
800, -0.04°C,"January 2, 1358"
801, 0.09°C,"January 2, 1357"
802, 0.11°C,"January 2, 1356"
803, -0.04°C,"January 2, 1355"
804, -0.13°C,"January 2, 1354"
805, -0.1°C,"January 2, 1353"
806, -0.1°C,"January 2, 1353"
807, -0.19°C,"January 2, 1352"
808, -0.36°C,"January 2, 1351"
809, -0.33°C,"January 2, 1350"
810, -0.24°C,"January 2, 1349"
811, -0.22°C,"January 2, 1348"
812, -0.22°C,"January 2, 1348"
813, -0.21°C,"January 2, 1347"
814, -0.19°C,"January 2, 1346"
815, -0.19°C,"January 2, 1345"
816, -0.16°C,"January 2, 1344"
817, -0.08°C,"January 2, 1343"
818, -0.08°C,"January 2, 1343"
819, -0.07°C,"January 2, 1342"
820, -0.16°C,"January 2, 1341"
821, -0.3°C,"January 2, 1340"
822, -0.44°C,"January 2, 1339"
823, -0.5°C,"January 2, 1338"
824, -0.5°C,"January 2, 1338"
825, -0.45°C,"January 2, 1337"
826, -0.47°C,"January 2, 1336"
827, -0.41°C,"January 2, 1335"
828, -0.23°C,"January 2, 1334"
829, -0.09°C,"January 2, 1333"
830, -0.09°C,"January 2, 1333"
831, -0.01°C,"January 2, 1332"
832, 0.02°C,"January 2, 1331"
833, -0.09°C,"January 2, 1330"
834, -0.28°C,"January 2, 1329"
835, -0.24°C,"January 2, 1328"
836, -0.08°C,"January 2, 1327"
837, -0.08°C,"January 2, 1327"
838, -0.05°C,"January 2, 1326"
839, -0.13°C,"January 2, 1325"
840, -0.27°C,"January 2, 1324"
841, -0.37°C,"January 2, 1323"
842, -0.28°C,"January 2, 1322"
843, -0.28°C,"January 2, 1322"
844, -0.18°C,"January 2, 1321"
845, -0.26°C,"January 2, 1320"
846, -0.42°C,"January 2, 1319"
847, -0.45°C,"January 2, 1318"
848, -0.39°C,"January 2, 1317"
849, -0.39°C,"January 2, 1317"
850, -0.37°C,"January 2, 1316"
851, -0.29°C,"January 2, 1315"
852, -0.16°C,"January 2, 1314"
853, -0.18°C,"January 2, 1313"
854, -0.2°C,"January 2, 1312"
855, -0.2°C,"January 2, 1312"
856, -0.16°C,"January 2, 1311"
857, -0.21°C,"January 2, 1310"
858, -0.29°C,"January 2, 1309"
859, -0.35°C,"January 2, 1308"
860, -0.41°C,"January 2, 1307"
861, -0.41°C,"January 2, 1307"
862, -0.38°C,"January 2, 1306"
863, -0.33°C,"January 2, 1305"
864, -0.34°C,"January 2, 1304"
865, -0.32°C,"January 2, 1303"
866, -0.3°C,"January 2, 1302"
867, -0.3°C,"January 2, 1302"
868, -0.37°C,"January 2, 1301"
869, -0.48°C,"January 2, 1300"
870, -0.54°C,"January 2, 1299"
871, -0.5°C,"January 2, 1298"
872, -0.48°C,"January 2, 1297"
873, -0.53°C,"January 2, 1296"
874, -0.53°C,"January 2, 1296"
875, -0.5°C,"January 2, 1295"
876, -0.47°C,"January 2, 1294"
877, -0.51°C,"January 2, 1293"
878, -0.5°C,"January 2, 1292"
879, -0.36°C,"January 2, 1291"
880, -0.36°C,"January 2, 1291"
881, -0.33°C,"January 2, 1290"
882, -0.45°C,"January 2, 1289"
883, -0.44°C,"January 2, 1288"
884, -0.33°C,"January 2, 1287"
885, -0.47°C,"January 2, 1286"
886, -0.47°C,"January 2, 1286"
887, -0.66°C,"January 2, 1285"
888, -0.52°C,"January 2, 1284"
889, -0.32°C,"January 2, 1283"
890, -0.29°C,"January 2, 1282"
891, -0.24°C,"January 2, 1281"
892, -0.24°C,"January 2, 1281"
893, -0.12°C,"January 2, 1280"
894, -0.12°C,"January 2, 1279"
895, -0.26°C,"January 2, 1278"
896, -0.34°C,"January 2, 1277"
897, -0.23°C,"January 2, 1276"
898, -0.23°C,"January 2, 1276"
899, -0.1°C,"January 2, 1275"
900, -0.21°C,"January 2, 1274"
901, -0.34°C,"January 2, 1273"
902, -0.23°C,"January 2, 1272"
903, -0.19°C,"January 2, 1271"
904, -0.19°C,"January 2, 1271"
905, -0.28°C,"January 2, 1270"
906, -0.28°C,"January 2, 1269"
907, -0.11°C,"January 2, 1268"
908, 0.01°C,"January 2, 1267"
909, -0.1°C,"January 2, 1266"
910, -0.36°C,"January 2, 1265"
911, -0.36°C,"January 2, 1265"
912, -0.46°C,"January 2, 1264"
913, -0.27°C,"January 2, 1263"
914, -0.1°C,"January 2, 1262"
915, -0.05°C,"January 2, 1261"
916, -0.11°C,"January 2, 1260"
917, -0.11°C,"January 2, 1260"
918, -0.3°C,"January 2, 1259"
919, -0.43°C,"January 2, 1258"
920, -0.34°C,"January 2, 1257"
921, -0.3°C,"January 2, 1256"
922, -0.42°C,"January 2, 1255"
923, -0.42°C,"January 2, 1255"
924, -0.48°C,"January 2, 1254"
925, -0.36°C,"January 2, 1253"
926, -0.24°C,"January 2, 1252"
927, -0.16°C,"January 2, 1251"
928, -0.01°C,"January 2, 1250"
929, -0.01°C,"January 2, 1250"
930, 0.1°C,"January 2, 1249"
931, 0.02°C,"January 2, 1248"
932, -0.17°C,"January 2, 1247"
933, -0.24°C,"January 2, 1246"
934, -0.18°C,"January 2, 1245"
935, -0.18°C,"January 2, 1245"
936, -0.17°C,"January 2, 1244"
937, -0.17°C,"January 2, 1243"
938, -0.09°C,"January 2, 1242"
939, -0.03°C,"January 2, 1241"
940, -0.06°C,"January 2, 1240"
941, -0.06°C,"January 2, 1240"
942, -0.11°C,"January 2, 1239"
943, -0.17°C,"January 2, 1238"
944, -0.29°C,"January 2, 1237"
945, -0.36°C,"January 2, 1236"
946, -0.33°C,"January 2, 1235"
947, -0.3°C,"January 2, 1234"
948, -0.28°C,"January 2, 1509"
949, -0.38°C,"January 2, 1508"
950, -0.38°C,"January 2, 1508"
951, -0.44°C,"January 2, 1507"
952, -0.48°C,"January 2, 1506"
953, -0.48°C,"January 2, 1505"
954, -0.43°C,"January 2, 1504"
955, -0.36°C,"January 2, 1503"
956, -0.36°C,"January 2, 1503"
957, -0.35°C,"January 2, 1502"
958, -0.49°C,"January 2, 1501"
959, -0.59°C,"January 2, 1500"
960, -0.5°C,"January 2, 1499"
961, -0.53°C,"January 2, 1498"
962, -0.53°C,"January 2, 1498"
963, -0.68°C,"January 2, 1497"
964, -0.62°C,"January 2, 1496"
965, -0.37°C,"January 2, 1495"
966, -0.24°C,"January 2, 1494"
967, -0.38°C,"January 2, 1493"
968, -0.38°C,"January 2, 1493"
969, -0.48°C,"January 2, 1492"
970, -0.21°C,"January 2, 1491"
971, 0.07°C,"January 2, 1490"
972, 0.08°C,"January 2, 1489"
973, -0.02°C,"January 2, 1488"
974, -0.02°C,"January 2, 1488"
975, -0.02°C,"January 2, 1487"
976, -0.01°C,"January 2, 1486"
977, -0.01°C,"January 2, 1485"
978, -0.1°C,"January 2, 1484"
979, -0.35°C,"January 2, 1483"
980, -0.35°C,"January 2, 1483"
981, -0.47°C,"January 2, 1482"
982, -0.42°C,"January 2, 1481"
983, -0.47°C,"January 2, 1480"
984, -0.5°C,"January 2, 1479"
985, -0.37°C,"January 2, 1478"
986, -0.31°C,"January 2, 1477"
987, -0.31°C,"January 2, 1477"
988, -0.46°C,"January 2, 1476"
989, -0.6°C,"January 2, 1475"
990, -0.55°C,"January 2, 1474"
991, -0.42°C,"January 2, 1473"
992, -0.33°C,"January 2, 1472"
993, -0.33°C,"January 2, 1472"
994, -0.24°C,"January 2, 1471"
995, -0.22°C,"January 2, 1470"
996, -0.38°C,"January 2, 1469"
997, -0.51°C,"January 2, 1468"
998, -0.46°C,"January 2, 1467"
999, -0.46°C,"January 2, 1467"
1000, -0.48°C,"January 2, 1466"
1001, -0.61°C,"January 2, 1465"
1002, -0.61°C,"January 2, 1464"
1003, -0.49°C,"January 2, 1463"
1004, -0.51°C,"January 2, 1462"
1005, -0.51°C,"January 2, 1462"
1006, -0.56°C,"January 2, 1461"
1007, -0.47°C,"January 2, 1460"
1008, -0.38°C,"January 2, 1459"
1009, -0.49°C,"January 2, 1458"
1010, -0.71°C,"January 2, 1457"
1011, -0.71°C,"January 2, 1457"
1012, -0.74°C,"January 2, 1456"
1013, -0.58°C,"January 2, 1455"
1014, -0.47°C,"January 2, 1454"
1015, -0.49°C,"January 2, 1453"
1016, -0.52°C,"January 2, 1452"
1017, -0.52°C,"January 2, 1452"
1018, -0.56°C,"January 2, 1451"
1019, -0.63°C,"January 2, 1450"
1020, -0.61°C,"January 2, 1449"
1021, -0.54°C,"January 2, 1448"
1022, -0.45°C,"January 2, 1447"
1023, -0.36°C,"January 2, 1446"
1024, -0.36°C,"January 2, 1446"
1025, -0.25°C,"January 2, 1445"
1026, -0.11°C,"January 2, 1444"
1027, -0.11°C,"January 2, 1443"
1028, -0.24°C,"January 2, 1442"
1029, -0.23°C,"January 2, 1441"
1030, -0.23°C,"January 2, 1441"
1031, -0.16°C,"January 2, 1440"
1032, -0.22°C,"January 2, 1439"
1033, -0.29°C,"January 2, 1438"
1034, -0.21°C,"January 2, 1437"
1035, -0.12°C,"January 2, 1436"
1036, -0.12°C,"January 2, 1436"
1037, -0.21°C,"January 2, 1435"
1038, -0.33°C,"January 2, 1434"
1039, -0.28°C,"January 2, 1433"
1040, -0.22°C,"January 2, 1432"
1041, -0.2°C,"January 2, 1431"
1042, -0.2°C,"January 2, 1431"
1043, -0.13°C,"January 2, 1430"
1044, -0.02°C,"January 2, 1429"
1045, 0.07°C,"January 2, 1428"
1046, 0°C,"January 2, 1427"
1047, -0.12°C,"January 2, 1426"
1048, -0.12°C,"January 2, 1426"
1049, -0.05°C,"January 2, 1425"
1050, 0.1°C,"January 2, 1424"
1051, 0.1°C,"January 2, 1423"
1052, -0.05°C,"January 2, 1422"
1053, -0.12°C,"January 2, 1421"
1054, -0.12°C,"January 2, 1421"
1055, -0.08°C,"January 2, 1420"
1056, -0.01°C,"January 2, 1419"
1057, 0.08°C,"January 2, 1418"
1058, 0.08°C,"January 2, 1417"
1059, -0.07°C,"January 2, 1416"
1060, -0.23°C,"January 2, 1415"
1061, -0.23°C,"January 2, 1415"
1062, -0.3°C,"January 2, 1414"
1063, -0.24°C,"January 2, 1413"
1064, -0.11°C,"January 2, 1412"
1065, -0.09°C,"January 2, 1411"
1066, -0.1°C,"January 2, 1410"
1067, -0.1°C,"January 2, 1410"
1068, -0.1°C,"January 2, 1409"
1069, -0.15°C,"January 2, 1408"
1070, -0.12°C,"January 2, 1407"
1071, 0.02°C,"January 2, 1406"
1072, -0.01°C,"January 2, 1405"
1073, -0.01°C,"January 2, 1405"
1074, -0.16°C,"January 2, 1404"
1075, -0.25°C,"January 2, 1403"
1076, -0.29°C,"January 2, 1402"
1077, -0.36°C,"January 2, 1401"
1078, -0.39°C,"January 2, 1400"
1079, -0.39°C,"January 2, 1400"
1080, -0.37°C,"January 2, 1399"
1081, -0.34°C,"January 2, 1398"
1082, -0.35°C,"January 2, 1397"
1083, -0.32°C,"January 2, 1396"
1084, -0.18°C,"January 2, 1395"
1085, -0.18°C,"January 2, 1395"
1086, -0.1°C,"January 2, 1394"
1087, -0.15°C,"January 2, 1393"
1088, -0.19°C,"January 2, 1392"
1089, -0.23°C,"January 2, 1391"
1090, -0.27°C,"January 2, 1390"
1091, -0.19°C,"January 2, 1389"
1092, -0.19°C,"January 2, 1389"
1093, -0.13°C,"January 2, 1388"
1094, -0.12°C,"January 2, 1387"
1095, -0.05°C,"January 2, 1386"
1096, -0.01°C,"January 2, 1385"
1097, -0.09°C,"January 2, 1384"
1098, -0.09°C,"January 2, 1384"
1099, -0.22°C,"January 2, 1383"
1100, -0.31°C,"January 2, 1382"
1101, -0.32°C,"January 2, 1381"
1102, -0.38°C,"January 2, 1380"
1103, -0.44°C,"January 2, 1379"
1104, -0.44°C,"January 2, 1379"
1105, -0.44°C,"January 2, 1378"
1106, -0.43°C,"January 2, 1377"
1107, -0.32°C,"January 2, 1376"
1108, -0.18°C,"January 2, 1375"
1109, -0.13°C,"January 2, 1374"
1110, -0.13°C,"January 2, 1374"
1111, -0.23°C,"January 2, 1373"
1112, -0.37°C,"January 2, 1372"
1113, -0.35°C,"January 2, 1371"
1114, -0.24°C,"January 2, 1370"
1115, -0.16°C,"January 2, 1369"
1116, -0.16°C,"January 2, 1369"
1117, -0.05°C,"January 2, 1368"
1118, -0.04°C,"January 2, 1367"
1119, -0.18°C,"January 2, 1366"
1120, -0.3°C,"January 2, 1365"
1121, -0.26°C,"January 2, 1364"
1122, -0.26°C,"January 2, 1364"
1123, -0.23°C,"January 2, 1363"
1124, -0.31°C,"January 2, 1362"
1125, -0.3°C,"January 2, 1361"
1126, -0.18°C,"January 2, 1360"
1127, -0.1°C,"January 2, 1359"
1128, -0.04°C,"January 2, 1358"
1129, -0.04°C,"January 2, 1358"
1130, 0.09°C,"January 2, 1357"
1131, 0.11°C,"January 2, 1356"
1132, -0.04°C,"January 2, 1355"
1133, -0.13°C,"January 2, 1354"
1134, -0.1°C,"January 2, 1353"
1135, -0.1°C,"January 2, 1353"
1136, -0.19°C,"January 2, 1352"
1137, -0.36°C,"January 2, 1351"
1138, -0.33°C,"January 2, 1350"
1139, -0.24°C,"January 2, 1349"
1140, -0.22°C,"January 2, 1348"
1141, -0.22°C,"January 2, 1348"
1142, -0.21°C,"January 2, 1347"
1143, -0.19°C,"January 2, 1346"
1144, -0.19°C,"January 2, 1345"
1145, -0.16°C,"January 2, 1344"
1146, -0.08°C,"January 2, 1343"
1147, -0.08°C,"January 2, 1343"
1148, -0.07°C,"January 2, 1342"
1149, -0.16°C,"January 2, 1341"
1150, -0.3°C,"January 2, 1340"
1151, -0.44°C,"January 2, 1339"
1152, -0.5°C,"January 2, 1338"
1153, -0.5°C,"January 2, 1338"
1154, -0.45°C,"January 2, 1337"
1155, -0.47°C,"January 2, 1336"
1156, -0.41°C,"January 2, 1335"
1157, -0.23°C,"January 2, 1334"
1158, -0.09°C,"January 2, 1333"
1159, -0.09°C,"January 2, 1333"
1160, -0.01°C,"January 2, 1332"
1161, 0.02°C,"January 2, 1331"
1162, -0.09°C,"January 2, 1330"
1163, -0.28°C,"January 2, 1329"
1164, -0.24°C,"January 2, 1328"
1165, -0.08°C,"January 2, 1327"
1166, -0.08°C,"January 2, 1327"
1167, -0.05°C,"January 2, 1326"
1168, -0.13°C,"January 2, 1325"
1169, -0.27°C,"January 2, 1324"
1170, -0.37°C,"January 2, 1323"
1171, -0.28°C,"January 2, 1322"
1172, -0.28°C,"January 2, 1322"
1173, -0.18°C,"January 2, 1321"
1174, -0.26°C,"January 2, 1320"
1175, -0.42°C,"January 2, 1319"
1176, -0.45°C,"January 2, 1318"
1177, -0.39°C,"January 2, 1317"
1178, -0.39°C,"January 2, 1317"
1179, -0.37°C,"January 2, 1316"
1180, -0.29°C,"January 2, 1315"
1181, -0.16°C,"January 2, 1314"
1182, -0.18°C,"January 2, 1313"
1183, -0.2°C,"January 2, 1312"
1184, -0.2°C,"January 2, 1312"
1185, -0.16°C,"January 2, 1311"
1186, -0.21°C,"January 2, 1310"
1187, -0.29°C,"January 2, 1309"
1188, -0.35°C,"January 2, 1308"
1189, -0.41°C,"January 2, 1307"
1190, -0.41°C,"January 2, 1307"
1191, -0.38°C,"January 2, 1306"
1192, -0.33°C,"January 2, 1305"
1193, -0.34°C,"January 2, 1304"
1194, -0.32°C,"January 2, 1303"
1195, -0.3°C,"January 2, 1302"
1196, -0.3°C,"January 2, 1302"
1197, -0.37°C,"January 2, 1301"
1198, -0.48°C,"January 2, 1300"
1199, -0.54°C,"January 2, 1299"
1200, -0.5°C,"January 2, 1298"
1201, -0.48°C,"January 2, 1297"
1202, -0.53°C,"January 2, 1296"
1203, -0.53°C,"January 2, 1296"
1204, -0.5°C,"January 2, 1295"
1205, -0.47°C,"January 2, 1294"
1206, -0.51°C,"January 2, 1293"
1207, -0.5°C,"January 2, 1292"
1208, -0.36°C,"January 2, 1291"
1209, -0.36°C,"January 2, 1291"
1210, -0.33°C,"January 2, 1290"
1211, -0.45°C,"January 2, 1289"
1212, -0.44°C,"January 2, 1288"
1213, -0.33°C,"January 2, 1287"
1214, -0.47°C,"January 2, 1286"
1215, -0.47°C,"January 2, 1286"
1216, -0.66°C,"January 2, 1285"
1217, -0.52°C,"January 2, 1284"
1218, -0.32°C,"January 2, 1283"
1219, -0.29°C,"January 2, 1282"
1220, -0.24°C,"January 2, 1281"
1221, -0.24°C,"January 2, 1281"
1222, -0.12°C,"January 2, 1280"
1223, -0.12°C,"January 2, 1279"
1224, -0.26°C,"January 2, 1278"
1225, -0.34°C,"January 2, 1277"
1226, -0.23°C,"January 2, 1276"
1227, -0.23°C,"January 2, 1276"
1228, -0.1°C,"January 2, 1275"
1229, -0.21°C,"January 2, 1274"
1230, -0.34°C,"January 2, 1273"
1231, -0.23°C,"January 2, 1272"
1232, -0.19°C,"January 2, 1271"
1233, -0.19°C,"January 2, 1271"
1234, -0.28°C,"January 2, 1270"
1235, -0.28°C,"January 2, 1269"
1236, -0.11°C,"January 2, 1268"
1237, 0.01°C,"January 2, 1267"
1238, -0.1°C,"January 2, 1266"
1239, -0.36°C,"January 2, 1265"
1240, -0.36°C,"January 2, 1265"
1241, -0.46°C,"January 2, 1264"
1242, -0.27°C,"January 2, 1263"
1243, -0.1°C,"January 2, 1262"
1244, -0.05°C,"January 2, 1261"
1245, -0.11°C,"January 2, 1260"
1246, -0.11°C,"January 2, 1260"
1247, -0.3°C,"January 2, 1259"
1248, -0.43°C,"January 2, 1258"
1249, -0.34°C,"January 2, 1257"
1250, -0.3°C,"January 2, 1256"
1251, -0.42°C,"January 2, 1255"
1252, -0.42°C,"January 2, 1255"
1253, -0.48°C,"January 2, 1254"
1254, -0.36°C,"January 2, 1253"
1255, -0.24°C,"January 2, 1252"
1256, -0.16°C,"January 2, 1251"
1257, -0.01°C,"January 2, 1250"
1258, -0.01°C,"January 2, 1250"
1259, 0.1°C,"January 2, 1249"
1260, 0.02°C,"January 2, 1248"
1261, -0.17°C,"January 2, 1247"
1262, -0.24°C,"January 2, 1246"
1263, -0.18°C,"January 2, 1245"
1264, -0.18°C,"January 2, 1245"
1265, -0.17°C,"January 2, 1244"
1266, -0.17°C,"January 2, 1243"
1267, -0.09°C,"January 2, 1242"
1268, -0.03°C,"January 2, 1241"
1269, -0.06°C,"January 2, 1240"
1270, -0.06°C,"January 2, 1240"
1271, -0.11°C,"January 2, 1239"
1272, -0.17°C,"January 2, 1238"
1273, -0.29°C,"January 2, 1237"
1274, -0.36°C,"January 2, 1236"
1275, -0.33°C,"January 2, 1235"
1276, -0.3°C,"January 2, 1234"
1277, -0.3°C,"January 2, 1234"
1278, -0.23°C,"January 2, 1233"
1279, -0.06°C,"January 2, 1232"
1280, 0.08°C,"January 2, 1231"
1281, 0.17°C,"January 2, 1230"
1282, 0.2°C,"January 2, 1229"
1283, 0.2°C,"January 2, 1229"
1284, 0.03°C,"January 2, 1228"
1285, -0.15°C,"January 2, 1227"
1286, -0.07°C,"January 2, 1226"
1287, 0°C,"January 2, 1225"
1288, -0.01°C,"January 2, 1224"
1289, -0.01°C,"January 2, 1224"
1290, 0°C,"January 2, 1223"
1291, -0.02°C,"January 2, 1222"
1292, -0.07°C,"January 2, 1221"
1293, -0.07°C,"January 2, 1220"
1294, -0.21°C,"January 2, 1219"
1295, -0.21°C,"January 2, 1219"
1296, -0.47°C,"January 2, 1218"
1297, -0.48°C,"January 2, 1217"
1298, -0.29°C,"January 2, 1216"
1299, -0.19°C,"January 2, 1215"
1300, -0.11°C,"January 2, 1214"
1301, -0.11°C,"January 2, 1214"
1302, -0.03°C,"January 2, 1213"
1303, 0°C,"January 2, 1212"
1304, -0.02°C,"January 2, 1211"
1305, -0.1°C,"January 2, 1210"
1306, -0.23°C,"January 2, 1209"
1307, -0.34°C,"January 2, 1208"
1308, -0.34°C,"January 2, 1208"
1309, -0.35°C,"January 2, 1207"
1310, -0.27°C,"January 2, 1206"
1311, -0.11°C,"January 2, 1205"
1312, 0.02°C,"January 2, 1204"
1313, 0.03°C,"January 2, 1203"
1314, 0.03°C,"January 2, 1203"
1315, -0.01°C,"January 2, 1202"
1316, -0.09°C,"January 2, 1201"
1317, -0.21°C,"January 2, 1200"
1318, -0.28°C,"January 2, 1199"
1319, -0.23°C,"January 2, 1198"
1320, -0.23°C,"January 2, 1198"
1321, -0.24°C,"January 2, 1197"
1322, -0.27°C,"January 2, 1196"
1323, -0.21°C,"January 2, 1195"
1324, -0.2°C,"January 2, 1194"
1325, -0.18°C,"January 2, 1193"
1326, -0.18°C,"January 2, 1193"
1327, -0.13°C,"January 2, 1192"
1328, -0.1°C,"January 2, 1191"
1329, -0.08°C,"January 2, 1190"
1330, -0.08°C,"January 2, 1189"
1331, -0.1°C,"January 2, 1188"
1332, -0.1°C,"January 2, 1188"
1333, -0.14°C,"January 2, 1187"
1334, -0.14°C,"January 2, 1186"
1335, -0.05°C,"January 2, 1185"
1336, 0.02°C,"January 2, 1184"
1337, 0.06°C,"January 2, 1183"
1338, 0.06°C,"January 2, 1183"
1339, 0.08°C,"January 2, 1182"
1340, 0.01°C,"January 2, 1181"
1341, -0.05°C,"January 2, 1180"
1342, 0.03°C,"January 2, 1179"
1343, 0.1°C,"January 2, 1178"
1344, 0.01°C,"January 2, 1177"
1345, 0.01°C,"January 2, 1177"
1346, -0.09°C,"January 2, 1176"
1347, -0.09°C,"January 2, 1175"
1348, -0.02°C,"January 2, 1174"
1349, -0.05°C,"January 2, 1173"
1350, -0.19°C,"January 2, 1172"
1351, -0.19°C,"January 2, 1172"
1352, -0.25°C,"January 2, 1171"
1353, -0.14°C,"January 2, 1170"
1354, -0.03°C,"January 2, 1169"
1355, -0.03°C,"January 2, 1168"
1356, 0.01°C,"January 2, 1167"
1357, 0.01°C,"January 2, 1167"
1358, 0.05°C,"January 2, 1166"
1359, 0°C,"January 2, 1165"
1360, -0.07°C,"January 2, 1164"
1361, -0.12°C,"January 2, 1163"
1362, -0.14°C,"January 2, 1162"
1363, -0.14°C,"January 2, 1162"
1364, -0.05°C,"January 2, 1161"
1365, 0.07°C,"January 2, 1160"
1366, 0.09°C,"January 2, 1159"
1367, 0.02°C,"January 2, 1158"
1368, -0.06°C,"January 2, 1157"
1369, -0.06°C,"January 2, 1157"
1370, -0.04°C,"January 2, 1156"
1371, -0.01°C,"January 2, 1155"
1372, -0.05°C,"January 2, 1154"
1373, -0.09°C,"January 2, 1153"
1374, -0.2°C,"January 2, 1152"
1375, -0.2°C,"January 2, 1152"
1376, -0.34°C,"January 2, 1151"
1377, -0.27°C,"January 2, 1150"
1378, -0.13°C,"January 2, 1149"
1379, -0.12°C,"January 2, 1148"
1380, -0.11°C,"January 2, 1147"
1381, -0.04°C,"January 2, 1146"
1382, -0.04°C,"January 2, 1146"
1383, 0.06°C,"January 2, 1145"
1384, 0.15°C,"January 2, 1144"
1385, 0.1°C,"January 2, 1143"
1386, -0.02°C,"January 2, 1142"
1387, -0.11°C,"January 2, 1141"
1388, -0.11°C,"January 2, 1141"
1389, -0.16°C,"January 2, 1140"
1390, -0.14°C,"January 2, 1139"
1391, -0.04°C,"January 2, 1138"
1392, 0°C,"January 2, 1137"
1393, -0.05°C,"January 2, 1136"
1394, -0.05°C,"January 2, 1136"
1395, -0.11°C,"January 2, 1135"
1396, -0.24°C,"January 2, 1134"
1397, -0.33°C,"January 2, 1133"
1398, -0.18°C,"January 2, 1132"
1399, 0.02°C,"January 2, 1131"
1400, 0.02°C,"January 2, 1131"
1401, 0.06°C,"January 2, 1130"
1402, 0°C,"January 2, 1129"
1403, -0.14°C,"January 2, 1128"
1404, -0.31°C,"January 2, 1127"
1405, -0.26°C,"January 2, 1126"
1406, -0.26°C,"January 2, 1126"
1407, -0.09°C,"January 2, 1125"
1408, -0.07°C,"January 2, 1124"
1409, -0.08°C,"January 2, 1123"
1410, -0.05°C,"January 2, 1122"
1411, -0.04°C,"January 2, 1121"
1412, -0.04°C,"January 2, 1121"
1413, 0.05°C,"January 2, 1120"
1414, 0.13°C,"January 2, 1119"
1415, 0.15°C,"January 2, 1118"
1416, 0.21°C,"January 2, 1117"
1417, 0.27°C,"January 2, 1116"
1418, 0.24°C,"January 2, 1115"
1419, 0.24°C,"January 2, 1115"
1420, 0.14°C,"January 2, 1114"
1421, 0.13°C,"January 2, 1113"
1422, 0.19°C,"January 2, 1112"
1423, 0.17°C,"January 2, 1111"
1424, 0.14°C,"January 2, 1110"
1425, 0.14°C,"January 2, 1110"
1426, 0.14°C,"January 2, 1109"
1427, 0.12°C,"January 2, 1108"
1428, 0.22°C,"January 2, 1107"
1429, 0.43°C,"January 2, 1106"
1430, 0.47°C,"January 2, 1105"
1431, 0.47°C,"January 2, 1105"
1432, 0.19°C,"January 2, 1104"
1433, -0.11°C,"January 2, 1103"
1434, -0.1°C,"January 2, 1102"
1435, 0.02°C,"January 2, 1101"
1436, 0.06°C,"January 2, 1100"
1437, 0.06°C,"January 2, 1100"
1438, -0.08°C,"January 2, 1099"
1439, -0.24°C,"January 2, 1098"
1440, -0.14°C,"January 2, 1097"
1441, 0°C,"January 2, 1096"
1442, 0.06°C,"January 2, 1095"
1443, 0.06°C,"January 2, 1095"
1444, 0.08°C,"January 2, 1094"
1445, 0.1°C,"January 2, 1093"
1446, 0.21°C,"January 2, 1092"
1447, 0.28°C,"January 2, 1091"
1448, 0.23°C,"January 2, 1090"
1449, 0.23°C,"January 2, 1090"
1450, 0.16°C,"January 2, 1089"
1451, 0.18°C,"January 2, 1088"
1452, 0.23°C,"January 2, 1087"
1453, 0.21°C,"January 2, 1086"
1454, 0.14°C,"January 2, 1085"
1455, 0.09°C,"January 2, 1084"
1456, 0.09°C,"January 2, 1084"
1457, 0.07°C,"January 2, 1083"
1458, 0.12°C,"January 2, 1082"
1459, 0.14°C,"January 2, 1081"
1460, 0.09°C,"January 2, 1080"
1461, -0.02°C,"January 2, 1079"
1462, -0.02°C,"January 2, 1079"
1463, -0.13°C,"January 2, 1078"
1464, -0.11°C,"January 2, 1077"
1465, -0.05°C,"January 2, 1076"
1466, -0.06°C,"January 2, 1075"
1467, -0.14°C,"January 2, 1074"
1468, -0.14°C,"January 2, 1074"
1469, -0.17°C,"January 2, 1073"
1470, -0.16°C,"January 2, 1072"
1471, -0.22°C,"January 2, 1071"
1472, -0.31°C,"January 2, 1070"
1473, -0.32°C,"January 2, 1069"
1474, -0.32°C,"January 2, 1069"
1475, -0.3°C,"January 2, 1068"
1476, -0.24°C,"January 2, 1067"
1477, -0.02°C,"January 2, 1066"
1478, 0.17°C,"January 2, 1065"
1479, 0.09°C,"January 2, 1064"
1480, 0.09°C,"January 2, 1064"
1481, -0.03°C,"January 2, 1063"
1482, 0.1°C,"January 2, 1062"
1483, 0.23°C,"January 2, 1061"
1484, 0.08°C,"January 2, 1060"
1485, -0.1°C,"January 2, 1059"
1486, -0.1°C,"January 2, 1059"
1487, -0.1°C,"January 2, 1058"
1488, -0.08°C,"January 2, 1057"
1489, -0.15°C,"January 2, 1056"
1490, -0.18°C,"January 2, 1055"
1491, -0.12°C,"January 2, 1054"
1492, -0.1°C,"January 2, 1053"
1493, -0.1°C,"January 2, 1053"
1494, -0.07°C,"January 2, 1052"
1495, -0.03°C,"January 2, 1051"
1496, -0.08°C,"January 2, 1050"
1497, -0.22°C,"January 2, 1049"
1498, -0.24°C,"January 2, 1048"
1499, -0.24°C,"January 2, 1048"
1500, -0.06°C,"January 2, 1047"
1501, 0.03°C,"January 2, 1046"
1502, -0.06°C,"January 2, 1045"
1503, -0.18°C,"January 2, 1044"
1504, -0.13°C,"January 2, 1043"
1505, -0.13°C,"January 2, 1043"
1506, 0.08°C,"January 2, 1042"
1507, 0.18°C,"January 2, 1041"
1508, 0.11°C,"January 2, 1040"
1509, 0.06°C,"January 2, 1039"
1510, 0.06°C,"January 2, 1038"
1511, 0.06°C,"January 2, 1038"
1512, 0.02°C,"January 2, 1037"
1513, -0.07°C,"January 2, 1036"
1514, -0.1°C,"January 2, 1035"
1515, -0.06°C,"January 2, 1034"
1516, -0.03°C,"January 2, 1033"
1517, -0.03°C,"January 2, 1033"
1518, 0.05°C,"January 2, 1032"
1519, 0.16°C,"January 2, 1031"
1520, 0.2°C,"January 2, 1030"
1521, 0.19°C,"January 2, 1029"
1522, 0.18°C,"January 2, 1028"
1523, 0.1°C,"January 2, 1027"
1524, 0.1°C,"January 2, 1027"
1525, 0.01°C,"January 2, 1026"
1526, 0.07°C,"January 2, 1025"
1527, 0.21°C,"January 2, 1024"
1528, 0.18°C,"January 2, 1023"
1529, 0.02°C,"January 2, 1022"
1530, 0.02°C,"January 2, 1022"
1531, 0.04°C,"January 2, 1021"
1532, 0.17°C,"January 2, 1020"
1533, 0.21°C,"January 2, 1019"
1534, 0.29°C,"January 2, 1018"
1535, 0.4°C,"January 2, 1017"
1536, 0.4°C,"January 2, 1017"
1537, 0.37°C,"January 2, 1016"
1538, 0.19°C,"January 2, 1015"
1539, 0.02°C,"January 2, 1014"
1540, 0.02°C,"January 2, 1013"
1541, 0.1°C,"January 2, 1012"
1542, 0.1°C,"January 2, 1012"
1543, 0.11°C,"January 2, 1011"
1544, 0.07°C,"January 2, 1010"
1545, 0.08°C,"January 2, 1009"
1546, 0.19°C,"January 2, 1008"
1547, 0.2°C,"January 2, 1007"
1548, 0.2°C,"January 2, 1007"
1549, -0.02°C,"January 2, 1006"
1550, -0.15°C,"January 2, 1005"
1551, -0.04°C,"January 2, 1004"
1552, 0.03°C,"January 2, 1003"
1553, -0.01°C,"January 2, 1002"
1554, -0.01°C,"January 2, 1002"
1555, -0.01°C,"January 2, 1001"
1556, 0.07°C,"January 2, 1000"
1557, 0.07°C,"January 2, 1000"
1558, 0.07°C,"January 2, 1000"
1559, 0.07°C,"January 2, 1000"
1560, 0.07°C,"January 2, 1000"
